<IntelliSense xmlns="http://schemas.excel-dna.net/intellisense/1.0">
  <FunctionInfo>
		<Function Name="AddTwo" Description="Add + 2 to the given number"
					HelpTopic="http://www.google.com" >
			<Argument Name="Number" Description="the given number to add" />
	</Function>
		<Function Name="Add2Numbers" Description="Add the 2 given numbers"
					HelpTopic="http://www.google.com" >
			<Argument Name="Number1" Description="number 1 to add" />
			<Argument Name="Number2" Description="number 2 to add" />
	</Function></FunctionInfo>
	<CountryInfo>
			<Country Code="2057" Name="en-GB"/>
	</CountryInfo>
</IntelliSense>