<?xml version='1.0' encoding='utf-8'?>
<Langues><Langue><CodeRetour>1025</CodeRetour><NomCourt>ar-SA</NomCourt><NomComplet>Arabe (Arabie Saoudite)</NomComplet></Langue><Langue><CodeRetour>1028</CodeRetour><NomCourt>zh-TW</NomCourt><NomComplet>Chinois (Taïwan)</NomComplet></Langue><Langue><CodeRetour>1029</CodeRetour><NomCourt>cs-CZ</NomCourt><NomComplet>Tchèque (République Tchèque)</NomComplet></Langue><Langue><CodeRetour>1030</CodeRetour><NomCourt>da-DK</NomCourt><NomComplet>Danois (Danemark)</NomComplet></Langue><Langue><CodeRetour>1031</CodeRetour><NomCourt>de-DE</NomCourt><NomComplet>Allemand (Allemagne)</NomComplet></Langue><Langue><CodeRetour>1033</CodeRetour><NomCourt>en-US</NomCourt><NomComplet>Anglais (États-Unis)</NomComplet></Langue><Langue><CodeRetour>1034</CodeRetour><NomCourt>es-ES</NomCourt><NomComplet>Espagnol (Espagne)</NomComplet></Langue><Langue><CodeRetour>1035</CodeRetour><NomCourt>fi-FI</NomCourt><NomComplet>Finnois (Finlande)</NomComplet></Langue><Langue><CodeRetour>1036</CodeRetour><NomCourt>fr-FR</NomCourt><NomComplet>Français (France)</NomComplet></Langue><Langue><CodeRetour>1037</CodeRetour><NomCourt>he-IL</NomCourt><NomComplet>Hébreu (Israël)</NomComplet></Langue><Langue><CodeRetour>1038</CodeRetour><NomCourt>hu-HU</NomCourt><NomComplet>Hongrois (Hongrie)</NomComplet></Langue><Langue><CodeRetour>1040</CodeRetour><NomCourt>it-IT</NomCourt><NomComplet>Italien (Italie)</NomComplet></Langue><Langue><CodeRetour>1041</CodeRetour><NomCourt>ja-JP</NomCourt><NomComplet>Japonais (Japon)</NomComplet></Langue><Langue><CodeRetour>1042</CodeRetour><NomCourt>ko-KR</NomCourt><NomComplet>Coréen (Corée du Sud)</NomComplet></Langue><Langue><CodeRetour>1043</CodeRetour><NomCourt>nl-NL</NomCourt><NomComplet>Néerlandais (Pays-Bas)</NomComplet></Langue><Langue><CodeRetour>1044</CodeRetour><NomCourt>no-NO</NomCourt><NomComplet>Norvégien (Norvège)</NomComplet></Langue><Langue><CodeRetour>1045</CodeRetour><NomCourt>pl-PL</NomCourt><NomComplet>Polonais (Pologne)</NomComplet></Langue><Langue><CodeRetour>1046</CodeRetour><NomCourt>pt-BR</NomCourt><NomComplet>Portugais (Brésil)</NomComplet></Langue><Langue><CodeRetour>1049</CodeRetour><NomCourt>ru-RU</NomCourt><NomComplet>Russe (Russie)</NomComplet></Langue><Langue><CodeRetour>1051</CodeRetour><NomCourt>sk-SK</NomCourt><NomComplet>Slovaque (Slovaquie)</NomComplet></Langue><Langue><CodeRetour>1053</CodeRetour><NomCourt>sv-SE</NomCourt><NomComplet>Suédois (Suède)</NomComplet></Langue><Langue><CodeRetour>2057</CodeRetour><NomCourt>en-GB</NomCourt><NomComplet>Anglais (Royaume-Uni)</NomComplet></Langue><Langue><CodeRetour>3082</CodeRetour><NomCourt>es-MX</NomCourt><NomComplet>Espagnol (Mexique)</NomComplet></Langue></Langues>